,idf_weight,fakeness_score
that,0.4789717226520857,0.1864908418218556
for,0.44002549745938685,0.06445883560875143
are,0.35750385882234115,-0.061604875552154326
on,0.4197364611457362,0.021001993509462746
it,0.5945333728394759,-0.028661717102485107
as,0.5862318742158201,-0.010111820081313727
thi,0.4363058316598423,-0.21256536517870483
with,0.564894696889833,0.06657679259260352
by,0.5426259363157886,-0.12110215764032128
you,0.9102589596424362,-0.053502856764690465
have,0.638999962489499,0.027019076061738367
wa,0.8218445615822095,0.11629701465386022
from,0.6154086639584306,0.0033849436076653916
not,0.7080171932266738,0.1754614242359691
at,0.6021736632252962,0.05794140218738364
will,0.861281848843356,-0.16450891647980237
they,0.832823126632892,-0.005444462705666897
or,0.7843418407448722,-0.15171017776772266
we,0.936442420085008,0.28547766940085806
ha,0.7080171932266738,0.08050945872677606
i,1.1544844712347422,0.2698656975853384
an,0.693107181359924,0.008366397288202654
their,0.8622287737756245,0.1139858017510087
but,0.8024710956746948,-0.009260350737111511
he,1.0746418880295303,0.42206759884345435
all,0.8551485969319175,-0.07469245048160256
us,0.9765185574246418,-0.062365630856908605
hi,1.0929682462830248,0.27119980965946366
more,0.776485312183279,-0.1980450315037512
trump,0.3800605538864381,-0.6371299090291962
blockchain,0.4394045915377285,-1.0
your,0.8177584758099091,-0.19341454300265204
who,0.9430968262946621,0.3181846766593932
about,0.8727045612112339,0.05761960962562518
one,0.9008603942187975,0.0019238494377533666
which,0.9359323721294438,-0.10209638286970224
can,0.9979889758586605,-0.08679393008338998
would,1.1079961799784508,-0.049869980313595685
if,1.0132973498163054,-0.14961894767879091
peopl,1.1116367397908629,0.09701466750350862
what,0.9834460070615632,0.10714911870236388
were,1.081696176291797,0.047698562051974314
been,0.9446387673896433,-0.01219464223605049
our,1.2005785712579204,0.32566860381117557
out,0.8930137549696617,-0.054860609622469414
so,1.107390706479692,0.049256493433599724
when,1.064152892616539,0.1587602470709939
up,1.0537727751954178,-0.14744783005016315
bitcoin,0.4387840709010202,-1.0
there,1.135006599861213,0.12805175451846407
no,1.0983523224622522,-0.025896368550614723
also,1.047482007566503,0.01104258113206913
new,1.139996941450841,0.053160197634534834
had,1.3114837787117153,0.15964925507250483
than,1.133762895951133,-0.09554330777710762
other,1.0947597193526197,-0.12635125830148053
into,1.1343845545562585,-0.3392680421093689
just,1.1001534756869389,-0.06818836306842158
do,1.2059080089604466,0.2541731712616919
stock,0.438473954915157,-1.0
these,1.213955802379338,-0.039484629764126145
some,1.1412484277539738,-0.14192650687126396
time,1.1481597395067233,-0.14473890575162163
like,1.1906617902662637,0.01573707022884041
said,1.3378090053045675,0.6503897655352011
two,0.8024710956746948,-0.44277049745937647
them,1.3077789730515252,0.07540010033152922
my,1.4455349411641638,0.16280648347974513
onli,1.1756445323390783,-0.01436385890023295
over,1.1614881927197809,-0.11709114586004854
search,0.4390942830886425,-1.0
exceed,0.438473954915157,-1.0
how,1.2371160229191902,-0.022296209102126707
now,1.1841048196884698,-0.18263627060180543
becaus,1.2573032600375869,0.046351368954968386
first,1.0858342763088944,-0.10292279791546022
could,1.314457537501208,-0.13839869845382446
after,1.2793431113507125,0.1005904300799012
even,1.2982102264073054,-0.09712149700458494
world,1.4635210375339456,-0.15871026444196323
think,0.9057959947815136,-0.23358800909275368
most,1.255195925737071,-0.17944300560494364
ani,1.3018796859775297,-0.220527965970017
mani,1.2843878035135812,0.14307217779785475
fact,0.8984016990384152,-0.7975344273012196
those,1.391025535495792,0.20760674403819634
may,1.4203890348907193,-0.26708041511860703
be,1.3758688956363079,0.08542631008436907
market,2.128463732765431,-0.9999999999742275
then,1.4489360157800715,-0.16213678970264012
presid,1.7157989284255102,0.34500665516584794
such,1.432882950534483,-0.03768938580390524
against,1.588557434854745,0.020569828710942373
year,1.5491898320887436,-0.1777539669660797
veri,1.5444932237937183,-0.14645422371551553
stori,1.0572208563083598,-0.33275476680895244
make,1.4170835199397713,-0.07572635035872255
should,1.509502083821501,0.13278710196252885
see,1.51585649881257,-0.044159524401382155
while,1.4532036904034642,-0.008348832920619276
me,1.7047380922884248,0.27145957979567825
her,2.181961650670307,0.9386165584386803
last,1.504987811077636,0.061037395422713914
much,1.525004856459271,-0.27270053131763283
know,1.6133455372651175,0.173340795356544
dont,1.627500055252509,0.12972924938295582
where,1.5473085409685516,0.006811966136271996
befor,1.4626571812259057,-0.059570155979708495
state,1.767144908464136,0.055996276496470765
war,2.1267847531903565,-0.979119761871577
through,1.622421839992395,-0.031870611844157404
well,1.548248744121678,-0.1865513370350116
down,1.6113397197236965,-0.29510815010564084
him,1.946170182861173,0.5894788307330514
news,1.654330681324837,-0.06611401410321227
sinc,1.6264823470433587,-0.10704883296373358
add,1.1431285987766366,-0.9999999487356074
back,1.6193872432877683,-0.016678298286469273
here,1.5730095558205488,-0.04827177899440216
use,1.7932405655098531,-0.5688475332894996
day,1.7601445298588034,-0.08467912006371603
she,2.2631720906372106,0.9518727771239515
reader,1.1685413124946713,-1.0
american,1.8758804818934622,-0.24594835048838837
money,2.0905429347510096,-0.5701493460700671
north,2.476700413240901,-0.7532419354602276
unit,1.9240116803541973,0.03310159803765855
own,1.747436410591391,-0.04672220462162058
everi,1.747436410591391,0.061188685738141846
great,1.8811154107441657,-0.1782987869509579
dure,1.7659747702543278,0.15079393814367292
between,1.776555635485782,-0.0315026427502183
did,1.8114317050255757,0.13035822434735156
made,1.6840537058148903,0.04787407246889819
whi,1.7462890951832974,-0.014279810802873882
same,1.7694893005823271,0.03619420143043084
life,1.973137471309797,0.9140498859778463
under,1.7992675847183768,-0.3073518554169724
tax,2.7706705630838773,-0.9999299774398408
inform,1.7968524162940644,-0.7320285116987655
centsheadlin,1.2412593891119528,-1.0
still,1.7956470159552476,0.02716737086723664
public,1.922642942116967,-0.14632404676795974
both,1.7944430668572569,-0.03158502463609891
go,1.7801076164876075,0.11073387834100146
end,1.808987014894681,-0.16839606378736305
anoth,1.742855025874452,-0.17940743163336192
nuclear,2.9000585234857086,-0.9983568351519393
power,2.0808825794762402,-0.4787908857005736
say,1.7080435161882226,0.1857906640070639
thing,1.900994146434482,0.04633684006580974
off,1.757821918200358,-0.27208162487893106
around,1.7659747702543278,-0.04385059527964963
global,2.2034640021262386,-0.8285251311312565
polit,2.100297523559213,-0.19979599170345186
doe,1.8225073781768355,0.1836094431330515
god,2.806435103023611,0.9888538419500388
system,2.18019048478044,-0.8388251211407014
part,1.80168860030594,0.06167625364501461
high,2.0187604508695696,-0.22621346424354616
long,1.8102086128965849,-0.2541462231778838
post,1.6264823470433587,0.4536388726314353
econom,2.1962450572227192,-0.993324092117545
law,2.0416064033768144,0.04066136959744804
gold,2.878482713503751,-0.9964681438135997
fbi,2.9522897157111543,-1.0
accord,1.8312074081951664,0.1361968369387272
never,1.9050177570130218,0.3493293913195148
countri,2.0416064033768144,0.031539394949481325
without,1.8654921272055696,-0.14726065361173823
must,2.0202673830414155,0.02508968071877815
militari,2.4672239149356923,-0.9545557671535669
media,2.121764662326358,0.14005504537635738
free,2.015753381997104,-0.22813562824990663
too,1.9144696232209941,0.10117435988212331
hous,2.173137025807159,-0.02566662882434234
few,1.9405843562999656,-0.4844699468750506
feder,2.370649823908175,-0.5378231899629704
real,2.032405295678407,-0.451481073377736
someth,1.9546078647585092,-0.08009447614864162
million,2.3084019783156107,-0.3905658851357672
might,2.0202673830414155,-0.09312341259360535
percent,2.574131383536423,0.44029484875350766
realli,2.023288077076705,0.24567003427992407
next,1.9475715283819794,-0.3828583675442775
2017,2.088926380891051,-0.40530636629290007
clinton,2.84352634066466,-0.9982615655479569
today,2.021776589485437,0.064945690375104
obama,2.7027641966729727,-0.9878766936387421
howev,1.9803566767896812,0.02689264944695391
far,1.984713349379207,-0.3465216892234865
becom,2.023288077076705,-0.03310211846071742
help,2.015753381997104,0.27272060353025984
video,1.987628378407384,-0.03977969331705866
histori,2.061837407731479,-0.06376020782592873
order,2.1301455360545414,-0.3860762004270777
place,2.027836295954164,0.02640755552167051
financi,2.394481107698583,-0.9927541240228234
major,2.0665648038661564,-0.5604293727184072
find,2.044692349353017,0.06032523338846785
each,2.121764662326358,0.002489575345730355
told,2.0744938019559025,0.7101942413302258
look,2.0649865207102516,-0.0390361646165136
put,2.000852197319605,0.016946690346201
three,2.1035703132584307,-0.17272911613844144
alreadi,2.049339197863392,-0.15409573724671355
control,2.2964042339189645,-0.7211329302073116
health,2.6170219027546464,0.23895189784738724
found,2.143702767933854,0.1760228520651903
case,2.1522703323351777,0.0791289163350044
yet,2.0697288628260435,-0.06818836306842158
oil,3.1648612365619626,-0.9999999999145415
russia,2.6007216233496857,-0.9950615876417404
man,2.339041630004661,0.31573606144089705
keep,2.1117994577879613,-0.26118587804253957
research,2.4370311895469685,-0.20814253718595166
food,2.742331135079084,-0.9047626662660079
number,2.185513421408208,-0.16600577558686747
china,2.7361410812687357,-0.9560181380473569
2018,2.4233977132107936,-0.3542209495850689
littl,2.133517651878507,-0.20429518086387466
again,2.1301455360545414,-0.035943344684294165
better,2.118431881371121,-0.03101485661906367
less,2.155718017184493,-0.2182827302455218
famili,2.41217676962414,0.7741587664559721
big,2.1713814073787012,-0.33866325581946466
group,2.284548730507947,0.32194159183174675
data,2.5820344805193503,-0.7778688669986367
within,2.2310088945048236,-0.0595100960089574
best,2.148834493188127,0.10375505948699049
former,2.306392331337,-0.29595793136105886
white,2.476700413240901,-0.04073492545279522
earth,2.777078787512646,-0.7245625247020535
washington,2.427921584305343,0.22311786244474607
home,2.4393216165675167,0.3083007106252078
shall,3.146090155142553,-0.8734827923379602
church,2.983408523865159,0.9999944360712067
jesu,3.323680939234327,0.9111984000924542
children,2.6791712415518334,0.8555823569680907
appear,1.8667847850898083,-0.9785176997797481
chang,2.306392331337,-0.030398684628627715
seen,2.1837359591556647,0.0889334512282891
cours,2.1301455360545414,0.004358686103165921
januari,2.4324660138485656,0.06936799285466022
ever,2.148834493188127,-0.01979730534475188
water,2.84352634066466,-0.683666092867834
onc,2.1318301725715565,0.07229627180365261
social,2.527981179361549,0.06526356735574068
billion,2.7835283422781667,-0.9998775608662518
until,2.187294048659311,-0.10567320084799237
price,2.8366793436993905,-0.9999999972421592
2016,2.374940755186186,-0.10413034458111481
compani,2.6115589009134488,-0.6665296164594143
least,2.18019048478044,-0.03318748237456193
per,2.7643031426530085,-0.6656074483327585
alway,2.2498029075550763,0.16724312271230968
lisa,2.4531754516265467,-0.9998525860862785
bill,2.625272774644642,-0.02760941351998336
central,2.670465440774939,-0.8414257408906454
away,2.2403617498139137,0.014639281293586937
import,2.210735439364167,0.05594019747344792
10,2.3023851129913795,-0.1266888841582675
noth,2.210735439364167,-0.0886754109217458
actual,2.253604470772424,0.04479298303449686
past,2.2034640021262386,0.15463211602757143
evid,2.505680949004477,-0.10158119984398084
rate,2.7706705630838773,-0.9120226824723329
left,2.2825864064873564,-0.012261900161349981
growth,2.7835283422781667,-0.9937344767818069
given,2.2825864064873564,0.126887696536099
full,2.157446327327807,-0.17224950099981373
month,2.284548730507947,0.0070915730744478545
abov,2.3557749215081647,-0.9932768713103036
whether,2.2924367619422306,0.06290059021323646
below,2.2089126171314106,-0.9997686228115247
higher,2.518008521293117,-0.9637604626595735
top,2.3287237506037406,-0.48971968170030833
futur,2.3536678832233617,-0.10215282831092076
south,2.777078787512646,-0.7171696527005724
intern,2.5456762821179515,-0.07447059655625554
busi,2.44853614847835,-0.8075531231946237
economi,2.71779755255709,-0.9999890876727106
decemb,2.462519130910371,-0.22827712507410847
interest,2.5533568114257297,-0.930604896932551
foreign,2.614286671290047,-0.9589950415734394
russian,2.9913419252526983,-1.0
among,2.2944185303276523,-0.06647406657413868
known,2.2498029075550763,-0.0656739265991948
live,2.357886408779135,0.46836664719581034
polic,2.833273345856288,0.0625019517698826
enough,2.334901694470589,0.22344843261469505
come,2.2143910822581296,-0.006097608740869842
doesnt,2.278673272947733,-0.005360955103411058
am,2.5533568114257297,0.2997274428787955
truth,2.4743228562483552,0.21726375638741113
follow,2.316481198186157,-0.17589517339929028
sever,2.2612512295010685,0.16085544823883136
nation,2.540588507215279,0.11941993028134545
depart,2.6034199520241272,-0.3529932067154472
im,2.693851481702397,0.24989269817267212
second,2.4010803397431446,-0.2420884021146168
debt,3.1095730899777507,-0.996366990650372
across,2.31243342904886,-0.15104089267195087
websit,2.1539926889442187,-0.12633938521059718
often,2.41217676962414,0.2803268973457935
move,2.464868756051493,-0.29060642451273
1,2.4959271530714657,-0.12074319317246274
though,2.314455265564533,-0.023171068164398068
got,2.44853614847835,0.08530179359413426
current,2.3835782522035776,-0.32279245785117516
almost,2.3287237506037406,-0.2817525404390563
donald,2.455503199418758,0.044951042911239636
lot,2.398875753312332,-0.18729318573699338
offic,2.5688971397096343,0.11396204247035624
2,2.500792159018224,0.05270558057611896
offici,2.6908981422846443,-0.4257829797460069
congress,2.682090099432678,-0.6805298026717137
person,2.5330050532790316,0.21579863700953994
administr,2.587338125939947,0.0889334512282891
nextbi,2.0202673830414155,-1.0
further,2.3411180427108294,0.011176494756362843
abl,2.387925140161061,0.09270318584417292
level,2.4935034970135184,-0.8867533412956335
exampl,2.398875753312332,-0.256033345373175
energi,2.933321013432594,-0.9824738546096733
hear,2.2272921089586144,-0.13865084244563297
word,2.476700413240901,0.1640992895538187
right,2.7330603641063775,0.1175979185304401
deal,2.670465440774939,-0.21605103572661732
intellig,2.9147054349116175,-0.9999371837550186
investig,2.9258331461743237,-0.981036244096843
rather,2.416650049282018,-0.12863295545255837
whole,2.4695846336902156,-0.04099322903156333
john,2.6419816011325055,0.06085259237338536
true,2.4462245431956564,0.3859538203130666
didnt,2.4508531096631483,0.14633691139399296
attack,2.840096982022542,0.03151187517492837
due,2.4462245431956564,-0.4346816868462613
weapon,3.078679194374917,-0.5879158100023656
small,2.4347459965963845,-0.23222868272237818
love,2.8197641907322115,0.837380476140436
death,2.7361410812687357,0.2060255044172865
school,2.9873673572223636,0.9693461386640407
cant,2.42565709058404,0.1571117844637131
act,2.558510133832635,-0.06535956272883237
read,2.505680949004477,0.11289809155541075
clear,2.3494670788941763,-0.042271305091181044
inflat,3.473123121233744,-1.0
earli,2.42565709058404,-0.28363806999534436
came,2.3966760163936414,0.18751356296067478
matter,2.421143429118181,0.016530249194909308
done,2.41217676962414,0.2729297059865212
special,2.6791712415518334,-0.3189765769057754
open,2.538054293998892,0.10933058194467193
everyth,2.4233977132107936,0.057342163762116316
upon,2.6034199520241272,-0.49935004961943874
took,2.416650049282018,0.1462008876127241
along,2.379250177929531,-0.16943168512342655
daili,2.500792159018224,-0.1399844656812419
member,2.587338125939947,0.6279526938470792
simpli,2.455503199418758,-0.04269512650631713
hillari,3.003361300718482,-0.9999993141276893
christian,2.94465900336999,0.9999995811496538
cannot,2.4983566975124045,0.017215715583628777
work,2.464868756051493,0.14214535247884807
iran,3.4351679012333087,-0.9378794739472628
total,2.661834777305247,-0.8922133492048747
process,2.6170219027546464,-0.09483201382669859
later,2.4886737363572444,0.15364516824183294
technolog,2.745440590320769,-0.5224904267296748
bank,3.1414519279033972,-0.9999999999997978
men,2.777078787512646,0.1571693674467156
sure,2.4838671902133376,-0.06499681906822674
short,2.574131383536423,-0.23667159913568525
old,2.558510133832635,0.1619228489858171
averag,2.8573626042892193,-0.19944954838103623
industri,2.867866902556095,-0.9286036815136371
court,2.9716251982107575,0.9652740437241145
low,2.786768785813615,-1.0
pay,2.7117570630335366,-0.6303754117078568
justic,2.7392313185857846,0.2601356203866054
get,2.464868756051493,-0.22537452047592255
israel,3.346141175914077,0.2447790620227832
themselv,2.500792159018224,0.09875733544441756
crisi,2.8097507559285493,-0.5609766782967746
program,2.867866902556095,0.027607042746436106
ago,2.441617301689603,0.3396269143986197
20,2.5081343359073043,-0.2575741516534852
instead,2.4393216165675167,0.01193657043296903
rise,2.608838551031262,-0.38139721646140134
theyr,2.864353195497611,-0.37571727602462646
went,2.5456762821179515,-9.90218045976432e-05
taken,2.4439182691106893,0.05762281430194727
stop,2.525478675553048,0.0788275651046213
caus,2.6280382631328254,-0.015673212827743255
fals,2.983408523865159,-0.9562457137387953
entir,2.5900005343283956,-0.6610508646133844
deep,2.864353195497611,-0.8582893399168454
name,2.656122108241851,0.14464311569708999
investor,2.963846084691669,-0.9999999999984827
light,2.742331135079084,-0.051578563439071856
york,2.6762608786128026,0.12653524270766026
local,2.6908981422846443,0.3531121671220132
anyth,2.4347459965963845,0.014516966133046871
area,2.7579760098719355,-0.18729318573699338
crimin,2.682090099432678,-0.8511445159724297
event,2.777078787512646,-0.002905405446755993
valu,2.8197641907322115,-0.09126561538256417
press,2.5980305560636605,0.07964807547494845
isnt,2.576758815421034,-0.2987005700105544
medic,3.127664944814817,0.1794830890415502
popul,3.0700248781358463,-0.2154145428730163
close,2.563690150595374,-0.17960486124912722
privat,2.8031304073524796,-0.2930066901565813
fed,3.3404786466274494,-0.9999956098537968
especi,2.5032335664808847,-0.015106671789378301
bad,2.520492377513009,-0.444212137770041
anyon,2.5688971397096343,-0.29157994805686405
provid,2.4790836364852114,0.06663684670464631
either,2.5130592412075927,-0.5636503839118485
five,2.6476138322983793,0.10896871722045298
silver,2.9184009306176675,-0.9999999999951265
hard,2.538054293998892,0.09248915340238839
sourc,2.6733589613122795,-0.693772467355362
govern,2.761134572194665,-0.693772467355362
four,2.6391773368158344,0.15814290276847864
mind,2.6115589009134488,-0.15899749968516275
team,2.7674817848716367,0.0793433938551591
run,2.5533568114257297,0.062417581284024415
everyon,2.5330050532790316,-0.014494796583886749
massiv,2.6850175019916374,-0.676898897338607
strong,2.7117570630335366,0.15638320064783762
trade,3.188831703519824,-0.9366516601390426
credit,3.1095730899777507,-0.9929430926931467
statement,2.7900197639694606,0.7051234573950393
freedom,2.6968135691762223,0.8196481399394628
thought,2.6170219027546464,-0.0038876311723452517
key,2.6791712415518334,-0.8102270890115625
novemb,2.9522897157111543,-0.16701391514723196
wont,2.6007216233496857,-0.2028828938253413
recent,2.4935034970135184,0.19571639033976207
line,2.7027641966729727,-0.28272330644962207
issu,2.6968135691762223,0.45867302748303773
europ,3.0445024379234202,-0.9915096502261024
list,2.846967500288879,-0.19155464687927914
togeth,2.6280382631328254,0.46399244056174593
3,2.7516886581320397,-0.4374028776932447
care,2.8298789094673436,0.7926922583270044
common,2.7087504462166034,-0.5003447667735456
blood,3.422829681789269,-0.06047100354438417
avail,2.644793751467195,-0.1186893122307201
action,2.6997844566851774,0.010102715249686645
form,2.644793751467195,-0.22759452215649412
univers,2.9037001881074973,0.6079993520872473
young,2.933321013432594,0.8340827217049371
kind,2.786768785813615,0.29751405555592236
meet,2.9716251982107575,-0.054463562970104684
mr,3.3348480011206214,-0.9999834666989539
internet,3.1985831216004383,-0.998818454340093
2015,2.7674817848716367,0.14970779211426843
defens,3.05293774732477,-0.7088926391356851
longer,2.6280382631328254,-0.17732257383361605
capit,2.9484670810868767,-0.2612356983793488
hit,2.7087504462166034,-0.9195757209922258
behind,2.579393168893948,-0.07195838422533918
via,2.6791712415518334,0.26972815484436596
forc,3.0196152140173234,-0.06818836306842158
way,2.7057528420535264,0.07311484096954413
demand,2.9370860781212573,-0.7732007795632576
warn,2.8573626042892193,-0.34689801898108397
creat,2.7087504462166034,-0.12467117022418517
itself,2.6476138322983793,-0.19930688074933312
week,2.6850175019916374,-0.24104786889645724
sens,2.7643031426530085,-0.09115126851323652
period,2.7900197639694606,-0.988035434630499
feel,2.7932813454648704,0.5638711380427561
expect,2.84352634066466,-0.5279772939109588
korean,3.7627413027123917,-0.8396652502711834
hand,2.74855974444042,-0.005040669051369018
singl,2.7147727468630367,-0.28079045085901266
secret,2.878482713503751,-0.9873878027295768
middl,2.8031304073524796,-0.1500809215461255
citizen,2.8366793436993905,-0.1887980448490435
director,2.9370860781212573,-0.026785226452266442
nearli,2.6504418884818968,-0.10952810051272943
servic,2.8820465091501744,0.41395676456643327
invest,3.1051008106093563,-1.0
publish,2.644793751467195,0.0765425034943863
currenc,3.351835952124431,-0.9999999997531337
legal,2.8928147395473047,0.35536315328340917
latest,2.63638091441185,-0.2611327348161795
someon,2.780298365309834,0.35536315328340917
christ,3.5964826048479686,0.9279750930202086
despit,2.6850175019916374,0.2479462721159451
speech,3.0155269008821706,0.13070190934834747
soon,2.7057528420535264,-0.20799837669464993
outsid,2.7643031426530085,0.8425504812174227
grow,2.761134572194665,0.10991627273996452
mass,2.9599791038481733,-0.4239719044421245
individu,2.9561270189616318,-0.42033957072925054
dollar,2.963846084691669,-0.6469484161462387
cia,3.5964826048479686,-1.0
land,3.0700248781358463,-0.0026821714773714866
5,2.74855974444042,-0.7300277116927645
lord,3.633633979887958,0.7073825157899449
began,2.7738695421395034,0.19406182745601086
near,2.7330603641063775,-0.3460004330660049
lost,2.806435103023611,0.05042170296105475
articl,2.6589743634556173,-0.9999424982700654
mean,2.6647033965988443,-0.287291951174371
peac,3.1095730899777507,-0.23625430711754702
illeg,3.087409062125895,-0.4056756969359281
california,3.1648612365619626,0.2488029472637876
himself,2.8928147395473047,0.1537286740223036
mueller,3.8434302139625345,-1.0
goe,2.6762608786128026,-0.462543670215282
cash,3.243680943787172,-0.9999999991183228
decis,2.8892124301763182,0.7425580549696271
space,3.078679194374917,-0.4606464261964024
fall,2.864353195497611,-0.2715748148448792
thousand,2.7579760098719355,0.425929051064597
mark,3.188831703519824,-0.09640868868237584
saw,2.8031304073524796,-0.5336914425828724
east,3.0571822358702136,-0.5317920899750306
wall,2.933321013432594,-0.3187836725513926
committe,3.0918027423047247,-0.9965906407084281
watch,2.907355162936578,0.3445134433334489
perhap,2.816415225780335,-0.1648081591705769
variou,2.7643031426530085,-9.902180459786525e-05
certain,2.7835283422781667,0.20351228481717554
messag,2.995332353532664,0.547627737328422
religi,3.2488197012412727,0.9996896323069124
involv,2.777078787512646,-0.02377347249437134
leader,2.8538855493257547,0.6754912193038127
worth,2.799836596732918,-0.25039245663829257
ask,2.7835283422781667,0.8029370826626605
bibl,3.3017141031772055,0.9886098385625788
head,2.777078787512646,-0.10952810051272943
consid,2.8264959563086918,-0.07300525217138343
european,3.1648612365619626,-0.5026606423405806
realiti,2.878482713503751,0.1196026866208526
situat,2.9716251982107575,-0.07007362386567528
missil,3.70419615822583,-1.0
wrote,2.8097507559285493,0.741771175637078
12,2.8608517913601728,0.3527536181011113
collaps,3.0571822358702136,0.4495263485211045
democrat,3.0700248781358463,-0.18046022221832947
age,2.995332353532664,0.020946396639263787
wrong,2.907355162936578,0.23252610064358326
led,2.813077438969916,0.2083533960346311
100,2.9221101336833772,-0.4866365131370709
child,3.1648612365619626,0.9292698884515684
releas,2.816415225780335,0.3383937067330556
octob,2.983408523865159,0.07801237147489948
amount,2.8713929992983833,-0.47849882063973515
hope,2.8298789094673436,0.6162711482159768
british,3.3404786466274494,-0.1193429308428976
half,2.8231244089476752,0.010932059321977272
air,3.0403113169519584,-0.38960772390953946
agenc,3.0743426741359023,-0.3193944456715192
hold,2.7932813454648704,0.09535284335607885
inde,3.0155269008821706,-0.9667033470308677
15,2.885623050873961,-0.15295997881015833
becam,2.9000585234857086,0.04382025780314458
center,2.9147054349116175,0.3404005044421978
street,2.9408653721131506,-0.3793350839822546
wealth,3.363323729234074,-0.8216728088448028
rest,2.7392313185857846,-0.2475220736550069
held,2.806435103023611,0.374727508166385
develop,3.031981406229112,-0.9041191540520924
foundat,3.3017141031772055,0.10523519299487627
job,2.929570071300322,-0.6229941773131029
similar,2.754827392661139,0.054458099993010434
father,3.4795914490901674,0.610673640887119
exchang,3.188831703519824,-0.9625618342939508
term,2.9370860781212573,-0.8158452545541545
tri,2.864353195497611,0.11199766708613224
jerusalem,4.085186624437335,0.14176846576088709
return,2.999338769148103,-0.18180380911840388
els,2.7900197639694606,-0.43657764497416485
night,2.933321013432594,0.30924778675745856
final,2.813077438969916,-0.4344286005166962
thu,2.9716251982107575,-0.13391244915032308
quit,2.8298789094673436,-0.13391244915032308
dr,3.351835952124431,0.3712191947563863
4,2.963846084691669,0.15083140943891782
30,2.8820465091501744,-0.0881917160787763
analysi,3.0445024379234202,0.5009446474948902
haven,2.622514912995947,-0.9999999818731069
access,2.995332353532664,-0.12522077819868638
impact,2.999338769148103,-0.220527965970017
facebook,3.2855499581361935,0.8793873676328041
throughout,2.8608517913601728,0.3289675274988342
sent,2.8928147395473047,0.04486607458620506
chines,3.4476602560724965,-0.04286196602417025
safeti,3.233481977257563,-0.6923943753989077
cut,3.0196152140173234,-0.11650984361293215
polici,3.132239518208654,-0.49535800821407605
ad,2.8097507559285493,0.7512185095859933
plan,3.0114552340192273,-0.8839509530915569
problem,2.9561270189616318,-0.49089774141381115
bubbl,3.6566058935636407,-1.0
biggest,2.8892124301763182,-0.8804227192785945
morn,3.078679194374917,0.026780024919082823
page,3.1743805849816495,0.11669068363715018
saudi,3.737229715054983,-0.9999999675128218
asset,3.21837594982655,-1.0
seem,2.907355162936578,-0.19711642487062297
want,2.885623050873961,0.2956248906609731
kill,3.0445024379234202,0.12033472493871344
respons,3.048711198344878,0.4061838613413251
march,3.0830346019567876,0.9523707337713692
pressur,3.2488197012412727,-0.9495480112252258
jame,3.100648443503551,-0.25039245663829257
violenc,3.2962969718367856,0.32850555047189944
birth,3.03613768818903,0.38398897638579377
civil,3.2749172157518256,0.18548995572449023
allow,2.979465301090119,0.41585552840990925
attorney,3.238568458213937,-0.24416779677783718
dead,3.1696095835652827,0.6146426770689148
third,2.963846084691669,0.01262978622721711
role,2.983408523865159,0.04437019789601515
note,2.9599791038481733,0.619533312279019
yourself,3.155431652311666,-0.30050783152761995
experi,3.0114552340192273,0.4281534676286538
secretari,3.118578103552837,-0.30050783152761995
west,3.1791744580166488,-0.04529476592645898
certainli,2.9484670810868767,-0.08325569220984508
multipl,2.929570071300322,-0.04364051868302565
huge,2.9716251982107575,-0.6508476822822287
vote,3.4046031747969883,0.20409595119310575
whose,2.9110235456270366,0.2643103410233427
faith,3.233481977257563,0.9999999250260829
leav,2.907355162936578,0.20621897649537857
trillion,3.519305470142484,-0.9999999240938008
parent,3.473123121233744,0.9906273068882698
need,2.9716251982107575,-0.03867637709449989
email,3.3404786466274494,-0.5374740371035948
youtub,2.9561270189616318,-0.16555229778138603
uk,3.473123121233744,0.026952109326233042
brought,2.995332353532664,0.12190885353098602
earlier,2.929570071300322,0.33765578346691094
bond,3.648889805897778,-1.0
continu,2.907355162936578,0.28037094883227764
david,3.213390894637631,0.4311234453599848
greatest,2.8573626042892193,-0.741679514647168
worker,3.505891452776821,-0.9847678532676283
answer,2.9677280771443937,0.10389962097799965
largest,3.03613768818903,0.04036239622729054
scienc,3.3348480011206214,0.2614339616483947
shoot,3.5606621563131826,-0.20429518086387466
exactli,2.929570071300322,-0.5183466460719033
radio,3.2591771216417267,-0.10016071530634996
account,3.1140654605158558,-0.420945900530994
simpl,2.9599791038481733,-0.26502247455932115
quickli,2.9221101336833772,-0.9312924637402691
sign,2.963846084691669,0.325011341693636
christma,3.745661468212921,0.44411931721438624
forward,2.999338769148103,0.011992961735225016
armi,3.3986007558148894,-0.4160847621382133
reveal,2.9873673572223636,0.600852120165217
product,3.269642941921854,-0.9999998404959058
diseas,3.618607401128605,-0.614518792919676
paid,3.1507499958206004,0.23947162222579865
heresubscrib,2.7238747514491815,-1.0
25,3.048711198344878,0.11362474853686422
check,3.0445024379234202,-0.9821640201373215
sell,3.155431652311666,-0.9267551620532041
uranium,4.146480316642629,-1.0
mainstream,3.155431652311666,-0.6097809899986546
un,3.5397700315260954,-0.9821640201373215
spend,3.4046031747969883,-0.7211329302073116
chief,2.9873673572223636,-0.7211329302073116
twitter,3.2539850019817687,-0.18729318573699338
regim,3.428979762674607,-0.9815279762174666
receiv,3.0155269008821706,0.2804643517561116
document,3.3808066920144215,-0.9248606472905819
seriou,2.963846084691669,-0.40382772091946806
six,2.995332353532664,0.021996376502671167
lead,2.9147054349116175,-0.046287195631220523
evil,3.3292488823495714,-0.40135861886604984
western,3.233481977257563,-0.8278905176510232
toward,3.0614448169193724,0.19122049326404533
insid,3.0074000784216732,-0.005545119089494621
onlin,3.2488197012412727,0.19122049326404533
republican,3.3292488823495714,-0.3964028953363311
main,3.0074000784216732,-0.12562236621747203
readi,3.078679194374917,-0.12562236621747203
citi,3.3986007558148894,-0.9209294255141957
basi,3.0918027423047247,-0.48865789673846904
difficult,2.9522897157111543,0.2927674819176149
son,3.460310646154662,0.5795213762533804
safe,3.132239518208654,-0.3914239630317049
let,3.0830346019567876,-0.0005726003614751063
therefor,3.132239518208654,-0.0005726003614751063
cultur,3.3292488823495714,0.9091475968101144
ground,3.1743805849816495,-0.48105079591866107
written,2.979465301090119,-0.3864220068113581
although,2.9755375662684718,-0.03216498090385245
prevent,3.031981406229112,-0.17017822771308067
highest,3.1414519279033972,-0.6992343037478174
seven,3.26439634017001,0.07119477070529778
game,3.2749172157518256,0.27303563399587993
septemb,3.1936955263379025,-0.1658829656052455
network,3.1051008106093563,-0.4733705610185259
interview,3.1648612365619626,0.45879081504704833
heard,3.0403113169519584,-0.028632198481770565
effort,3.0196152140173234,-0.02686553347817111
agreement,3.4476602560724965,-0.6946883826773991
rememb,3.1231112028838215,-0.16158140022555978
friend,3.0700248781358463,0.5792017937827258
easi,2.9755375662684718,-0.2872919511743711
6,3.132239518208654,-0.10347744635647904
wors,2.979465301090119,-0.15511757187228092
talk,3.065725645374526,-0.10347744635647904
standard,3.3017141031772055,-0.9984185410656801
america,3.228421237711732,-0.9067472939753931
alon,2.9716251982107575,0.054458099993010434
car,3.633633979887958,-0.5547539736229163
dec,3.213390894637631,-0.6735320795914541
imag,3.4046031747969883,0.3316551203362921
50,3.0918027423047247,-0.009191472437599657
beyond,3.0278423274722246,-0.04742128901834719
paul,3.3986007558148894,0.23612815420401567
vaccin,4.801185069914048,-1.0
pleas,3.1414519279033972,0.02736125463055261
robert,3.3292488823495714,-0.9006724451975309
moment,3.0614448169193724,0.099250545356659
confer,3.3348480011206214,0.8200722034416728
knew,3.132239518208654,0.4660818304245009
germani,3.49265499215099,-0.9723871881803574
bit,3.0918027423047247,-0.34300390941926706
complet,3.0571822358702136,-0.13347834307738993
class,3.3808066920144215,-0.19194169713774145
cost,3.238568458213937,-0.661277036318535
decad,3.03613768818903,-0.4311957424126518
cold,3.4413945714135683,-0.970904926114487
strategi,3.37494501051809,-0.997883413995508
signific,3.100648443503551,-0.07920255693948852
weve,3.1648612365619626,0.2833241939726403
japan,3.4539654472008112,-0.65374979013273
front,3.118578103552837,0.3564759594511735
24,3.0918027423047247,-0.12478567820649977
design,3.127664944814817,-0.07108855786237844
damag,3.5125759696455447,-0.4176064427829498
monetari,3.6801179484453637,-1.0
natur,3.1791744580166488,-0.022826829535848248
jan,3.26439634017001,0.8147795307490766
presidenti,3.21837594982655,-0.4065984440174494
greater,3.146090155142553,-0.4065984440174494
minist,3.4351679012333087,0.30506145181652644
ive,3.132239518208654,-0.019039865314764093
review,3.346141175914077,-0.40382772091946795
fulli,3.0830346019567876,-0.16627370675955833
rule,3.2909090277680324,-0.4010495695192403
fake,3.4106418404901553,-1.0
happen,3.0403113169519584,-0.4010495695192403
build,3.228421237711732,-0.10734405429781868
antichrist,4.777145450727902,-0.9999985964753096
mayb,3.228421237711732,0.09326144174122208
buy,3.2855499581361935,-0.9647687458148949
activ,3.243680943787172,-0.6303754117078568
gave,3.1231112028838215,0.8634596728080102
digit,3.6566058935636407,-0.2278903442611684
resourc,3.3292488823495714,0.20579346214960315
religion,3.2749172157518256,0.8378593422813558
prior,3.228421237711732,-0.8786211576139334
ahead,3.155431652311666,-0.306102311669192
focu,3.0918027423047247,0.06062175445309115
holi,3.7801179345482074,0.1716206679953225
danger,3.118578103552837,-0.3954711078786888
board,3.4861018887525996,0.4544974896473504
rich,3.2962969718367856,-0.1568817762325696
googl,3.696105499205676,-0.8755620405023685
red,3.346141175914077,-0.052799248033016166
politician,3.2802194551092527,-0.6196018564511989
dossier,4.12151023029487,-1.0
movement,3.3017141031772055,0.28915528324634754
fight,3.1743805849816495,0.43102443878666685
stay,3.132239518208654,-0.00578190080285601
poor,3.228421237711732,0.0315705874180805
content,3.233481977257563,0.07119477070529778
domest,3.37494501051809,-0.8675967295333507
18,3.1743805849816495,0.33365053543743106
9,3.3808066920144215,-0.14274102495508612
photo,3.2909090277680324,0.9999996506808528
choic,3.3292488823495714,-0.04058590167836962
take,3.0830346019567876,-9.90218045976432e-05
room,3.416717193320192,0.26667828033128127
spirit,3.648889805897778,0.3034220034302555
truli,3.127664944814817,0.11818629037261719
text,3.5820000924868403,-0.86259264246847
fail,3.155431652311666,-0.2791610138168994
paper,3.346141175914077,-0.9961081496641143
base,3.3071607397357723,-0.9961081496641143
conserv,3.3404786466274494,0.6833914531543643
nor,3.213390894637631,-0.47116284180602086
agenda,3.3348480011206214,-0.13328100519125463
whom,3.1696095835652827,0.007591636535563495
centuri,3.363323729234074,-0.03243670123816811
whatev,3.132239518208654,0.4528530378778848
seri,3.21837594982655,0.5808805656846416
includ,3.05293774732477,-0.5916220496648383
chart,3.589215131000991,-1.0
clearli,3.188831703519824,0.050154644388632486
highli,3.078679194374917,-0.4652466847203466
target,3.2909090277680324,-1.0
previou,3.132239518208654,0.2838303922571148
necessari,3.1231112028838215,-0.46227289395304205
tuesday,3.223385980346087,0.49534525915695116
eventu,3.1601353298456005,-0.45928866848238237
crime,3.4476602560724965,-0.8520554145636284
lack,3.146090155142553,0.015521657300815006
region,3.363323729234074,-0.0700736238656754
cover,3.1936955263379025,-0.022244259568529157
drug,3.9518038754399907,-0.12142193567384274
goal,3.213390894637631,0.017542762511386645
particular,3.132239518208654,0.21311237062981614
youll,3.3017141031772055,-0.4562940394100835
particularli,3.1648612365619626,-0.7164328466097035
prepar,3.466696363894851,-0.5770692907568713
condit,3.363323729234074,-0.2572845271045415
enforc,3.4106418404901553,-0.9501960491922794
address,3.2488197012412727,0.5401616308290971
vega,3.737229715054983,-0.9999957247516895
benefit,3.416717193320192,-0.8427116217527701
studi,3.428979762674607,-0.8427116217527701
juli,3.3181438265268697,0.37645810288905523
view,3.3181438265268697,0.9998642900755177
good,3.737229715054983,-1.0
friday,3.3126372046826753,0.4223855523182223
popular,3.233481977257563,0.2720408759195978
11,3.208430567006662,0.38606916459705976
give,3.1140654605158558,0.38606916459705976
kingdom,3.70419615822583,0.03214159990608367
liberti,3.5677243325574692,0.38606916459705976
break,3.1601353298456005,-0.10237649067380539
limit,3.1648612365619626,-0.32632322592635177
planet,3.611177946450084,-0.5560639309123044
dc,3.3808066920144215,0.5053320481909989
save,3.228421237711732,0.1634742377762919
counsel,3.6801179484453637,-0.4226761988886276
directli,3.1051008106093563,0.08410074214494268
opportun,3.1601353298456005,0.043075646449106886
previous,3.136835114531991,0.0022424507072122957
wasnt,3.2488197012412727,0.2473161163529547
2014,3.2962969718367856,-0.041434484950887085
40,3.351835952124431,-0.09043394707894592
firm,3.346141175914077,-0.41329622815470857
rang,3.3071607397357723,-0.5374740371035949
felt,3.473123121233744,0.5519893963531233
woman,3.4413945714135683,0.8366675969536184
unless,3.1051008106093563,0.04984974375223317
ye,3.2802194551092527,0.04984974375223317
theori,3.473123121233744,-0.99999148039028
gun,3.754164920812566,-1.0
rose,3.553649504853832,-0.3024256850513434
built,3.386702935511703,-0.8136161470760165
disast,3.664381982513549,-0.9999905269429785
michael,3.460310646154662,-0.02598213734847543
regard,3.3017141031772055,0.019265238455790312
trust,3.369117488198744,0.10389962097799965
8,3.1985831216004383,-0.1330441857783764
net,3.6566058935636407,-0.8090852000609644
scientist,3.6260924660151717,0.18846957180740875
reserv,3.5466856884107614,-0.999989466793962
wednesday,3.2909090277680324,0.3524592710054886
perfect,3.4046031747969883,0.5399099246548071
altern,3.3071607397357723,0.06390366820225979
knowledg,3.1743805849816495,0.14899997961665878
minut,3.473123121233744,-0.06887396950975921
marijuana,4.730733408963437,-1.0
sex,4.038720658474103,0.5091382867716008
pass,3.2539850019817687,-0.06647406657413868
sold,3.3986007558148894,-0.38139721646140123
sometim,3.2855499581361935,0.3659627654446693
13,3.2909090277680324,0.07119477070529778
gain,3.5466856884107614,-0.9999862679135084
london,3.7627413027123917,0.030497720639006465
idea,3.519305470142484,-0.27508039784744376
seek,3.2539850019817687,0.1196026866208526
met,3.2962969718367856,0.3728380250614298
sun,3.8718412157953144,-0.49535800821407605
purpos,3.323680939234327,-0.18444827937811836
colleg,3.4992513221375434,0.335712598526815
peter,3.553649504853832,0.2091094542082952
7,3.3181438265268697,0.125008874844593
train,3.49265499215099,0.08120346345418428
dark,3.49265499215099,-0.368372852309245
terrorist,3.5964826048479686,-0.18160027884307495
languag,3.6260924660151717,0.3008379298668673
easili,3.238568458213937,-0.26277943738939924
heavi,3.553649504853832,-0.6298423845963195
section,3.5397700315260954,-0.17589517339929028
institut,3.3575633446420943,0.26481159348792316
call,3.188831703519824,0.5757656499242332
senior,3.3926341510016678,0.34946594838462697
behavior,3.4795914490901674,0.04462438336093122
visit,3.269642941921854,0.3903914000330051
syria,3.720576540857191,0.6994327115255221
spread,3.369117488198744,-0.47849882063973515
ill,3.4861018887525996,-0.47508357605969886
san,3.672219013220829,-0.1673154276102694
healthcar,4.1092551749578545,-0.7771696769288694
chanc,3.233481977257563,0.04949834450193058
battl,3.4795914490901674,0.13891746991816367
elit,3.519305470142484,-0.6168712211009464
tv,3.519305470142484,0.5169964331765637
reform,3.696105499205676,-0.999977866368892
die,3.4992513221375434,0.14176846576088709
loss,3.3292488823495714,-0.34856327870532156
equiti,3.881493800393323,-1.0
insur,3.815804147687603,0.09955037074579387
hawaii,4.356748827489613,-0.09378063238279355
gdp,3.962264221864893,-1.0
risk,3.6038032817588173,-0.912467716978141
treasuri,3.7288684623302997,-1.0
cryptocurr,4.12151023029487,-0.9999753893667971
17,3.223385980346087,-0.09115126851323652
sea,3.5820000924868403,-0.24104786889645724
book,3.369117488198744,0.2848021330702424
king,3.5606621563131826,0.15046436203946056
relationship,3.3126372046826753,0.7163006082528485
soviet,3.9210637500802954,-0.6035560809462341
subject,3.3986007558148894,-0.1500809215461255
produc,3.3808066920144215,-0.3318130608221519
solar,4.073366155836909,-1.0
show,3.26439634017001,0.11053658788894793
store,3.5606621563131826,-0.9063535409395088
longterm,3.5329018726595836,-0.9063535409395088
500,3.5820000924868403,-0.9868793266728578
win,3.422829681789269,-0.0806214591309411
vs,4.0162730268019455,-0.7581171721832494
awar,3.2539850019817687,-0.025580580154933474
threat,3.422829681789269,-0.3284373320325328
describ,3.26439634017001,-0.22851882650544475
push,3.3017141031772055,-0.14719931666449337
flu,4.851070724424917,-0.9999679153127631
messiah,4.903576221802848,-1.0
22,3.428979762674607,0.06987274037775437
forecast,3.9414518161189585,-1.0
spiritu,3.6801179484453637,0.870642015878476
film,4.085186624437335,0.9998726847624069
budget,3.664381982513549,-0.5898955628270335
june,3.505891452776821,-0.018351264480973017
india,3.8341364667710747,0.168521806804655
judg,3.6260924660151717,0.8605764914466063
16,3.3404786466274494,0.35351345364417197
headlin,3.208430567006662,-0.5829355024940124
reach,3.2539850019817687,-0.3148509667520675
increasingli,3.346141175914077,-0.13564835797189534
iraq,3.881493800393323,-0.9850327972717229
arent,3.2749172157518256,-0.3114338491017721
music,4.0162730268019455,0.6278444791733198
georg,3.4413945714135683,-0.06743412161383588
sort,3.4539654472008112,0.08061689272506878
jone,3.7288684623302997,-0.9999581714952926
usa,3.788920808294163,-0.1298588156233007
launch,3.648889805897778,-0.8928874750680011
pretti,3.3017141031772055,-0.8928874750680011
immigr,4.073366155836909,0.22808763871283588
session,3.7713918756884004,-0.30113433755471675
professor,3.519305470142484,0.323781235303765
staff,3.416717193320192,-0.12406040496738024
conspiraci,3.696105499205676,-1.0
congression,3.49265499215099,-0.9833717048026209
monday,3.386702935511703,0.643059298756048
normal,3.4351679012333087,-0.0038876311723452517
sanction,3.9414518161189585,-0.9833717048026209
strike,3.633633979887958,-0.8873813180119404
climat,3.9010830653898116,-0.29076408349854344
collus,3.8912404662456175,-0.9999424982700654
opposit,3.4351679012333087,0.46994835977583893
coupl,3.346141175914077,0.24528000785670678
alert,3.8718412157953144,-0.9999424982700654
lose,3.363323729234074,0.15214541235895873
ultim,3.3126372046826753,0.15214541235895873
wife,3.5677243325574692,0.981589577401573
comey,4.225364824660505,-1.0
suppos,3.323680939234327,-0.18729318573699338
23,3.363323729234074,0.106266365369174
joe,3.2591771216417267,-0.4001218737304565
sector,3.5677243325574692,-0.981036244096843
islam,4.388447202476804,0.106266365369174
district,3.672219013220829,0.9380115665840572
expert,3.4046031747969883,-0.8776093495909101
gop,3.8434302139625345,-1.0
worst,3.422829681789269,-0.396402895336331
labor,3.745661468212921,-0.8776093495909101
site,3.4351679012333087,-0.7125382949852372
field,3.473123121233744,0.010806228747227697
asia,3.737229715054983,-0.7092589238205459
statu,3.386702935511703,-0.39267086190524214
gone,3.2802194551092527,0.16175199831820275
core,3.633633979887958,-0.8755620405023686
overal,3.37494501051809,-0.0356969598038227
thursday,3.519305470142484,0.4478026521412326
specif,3.2909090277680324,-0.1744670329344945
consumpt,4.0162730268019455,-0.9794819317133686
ga,3.881493800393323,-0.9789363121093365
moor,4.708310944907605,0.21788199958041088
path,3.473123121233744,-0.7026070729444414
agre,3.386702935511703,0.49442403381722744
season,3.70419615822583,0.31496835966664705
meant,3.3926341510016678,0.1183675397445687
scientif,3.745661468212921,-0.17125104033105387
shown,3.37494501051809,0.1183675397445687
fair,3.505891452776821,-0.3851679424017852
spent,3.3348480011206214,0.12146411081018371
understand,3.3575633446420943,-0.030398684628627715
trend,3.5397700315260954,-0.9778016518810819
yield,4.198372632646149,-1.0
surveil,3.7978018613381233,-1.0
mile,3.737229715054983,-0.9778016518810819
environ,3.422829681789269,-0.37761375574631884
increas,3.351835952124431,-0.867049192497966
21,3.386702935511703,-0.08618125226060369
earn,4.097148489554835,-1.0
certif,3.4539654472008112,-0.9772118644090665
democraci,3.9728351448249035,-0.25571147403142
extrem,3.5125759696455447,0.07993399392183953
discuss,3.422829681789269,-0.2521671605461273
race,3.618607401128605,-0.02244816079571288
arm,3.7978018613381233,-0.9766065922305073
door,3.688079773943372,-0.6889269441639246
doubt,3.3926341510016678,-0.01979730534475188
bomb,3.8912404662456175,-0.15511757187228092
primari,3.4861018887525996,-0.6854276919889447
corrupt,3.720576540857191,-1.0
discov,3.3808066920144215,-0.5085826996117199
texa,3.7288684623302997,0.5196600200824355
youv,3.5397700315260954,0.03449017914316599
2013,3.5964826048479686,-0.15188063384395678
cycl,3.9518038754399907,-0.3623542676150374
fell,3.5677243325574692,-0.8579980693221095
patient,4.146480316642629,0.19217950922231775
14,3.422829681789269,0.4367017462509559
iranian,4.404681325238688,-0.8556479302229665
code,3.672219013220829,-0.6783332154631145
ceo,3.70419615822583,0.037256063494537583
heaven,4.005235387150325,0.037256063494537583
enemi,3.688079773943372,0.1406691429283098
legisl,3.672219013220829,0.6392437827512982
ongo,3.422829681789269,-0.3546503715491106
model,3.6038032817588173,-0.07153959252001774
numer,3.3808066920144215,-0.07153959252001774
none,3.351835952124431,-0.07153959252001774
commiss,3.6412328006465833,0.14731784571430206
bottom,3.611177946450084,-0.14215051855266758
jewish,4.0162730268019455,0.7686176342363484
pictur,3.428979762674607,-0.3468980189810842
murder,3.7713918756884004,-0.0065395977978578435
destroy,3.589215131000991,-0.848380796541687
conflict,3.611177946450084,-0.3468980189810842
larger,3.422829681789269,-0.23076184829179858
wouldnt,3.3926341510016678,0.20288788258985302
success,3.4861018887525996,-0.3468980189810842
pacif,3.8912404662456175,-1.0
size,3.4476602560724965,-0.48865789673846904
socal,3.428979762674607,-0.13239285413230084
indian,4.253105854607043,-0.9711573040682762
reportedli,3.466696363894851,0.6242256948681055
hell,3.574836738073276,-0.13239285413230084
sp,4.085186624437335,-1.0
nextth,3.228421237711732,-1.0
q,4.958992060944417,-1.0
believ,3.386702935511703,0.5456312528290892
tell,3.369117488198744,0.26611746376632284
mission,3.611177946450084,0.5904379021301549
record,3.696105499205676,-1.0
student,3.8718412157953144,0.8511767386802596
option,3.70419615822583,0.164508559166616
april,3.5466856884107614,0.21763164526241874
absolut,3.4046031747969883,-0.053929370954060696
claim,3.4413945714135683,0.5162520654229334
host,3.460310646154662,0.06043302403697082
ie,3.664381982513549,-1.0
liber,3.745661468212921,0.5991897863710858
fund,3.648889805897778,0.5588810798871553
flow,3.7978018613381233,-0.967981118750531
leadership,3.5820000924868403,0.9523707337713692
independ,3.5397700315260954,-0.8328309653321503
concern,3.473123121233744,0.5633353789158801
jew,4.3260244445585965,0.5633353789158801
coast,3.93120582484492,-0.3193944456715192
19,3.5260805638088457,0.6809208214501652
born,3.745661468212921,0.9178270172473937
possibl,3.386702935511703,-0.8301023962017494
august,3.611177946450084,-0.1128021813775204
franc,3.7123528102995786,-0.9997946490571266
chairman,3.754164920812566,-0.6369882071429857
amend,3.9010830653898116,0.12432827601485474
usual,3.3986007558148894,-0.19823660456617753
failur,3.5677243325574692,-0.45569386795784084
liter,3.460310646154662,-0.3114338491017723
counti,3.862280913533332,0.6168637537679258
blog,3.5820000924868403,0.01794887049669125
communist,4.005235387150325,-0.039228047162319424
canada,3.7627413027123917,-0.9653754806518121
confirm,3.4992513221375434,0.13119722127194255
moral,3.754164920812566,0.8847445703916574
kid,3.7123528102995786,0.6587265760787335
unto,4.801185069914048,-0.6290417303210777
neither,3.519305470142484,-0.30743701305637205
metal,4.073366155836909,-1.0
conduct,3.648889805897778,-0.10625164121338393
drive,3.4413945714135683,-0.10297287297772573
infrastructur,3.862280913533332,-1.0
fast,3.4539654472008112,-0.30342929976190247
amazon,3.983519007133216,-0.9635237892636613
senat,3.7801179345482074,-0.19094630469506169
share,3.460310646154662,0.9462500325825054
arabia,3.9728351448249035,-1.0
imagin,3.505891452776821,-0.44299490330970126
drop,3.5466856884107614,-0.8158452545541545
sound,3.4795914490901674,0.026625243733056303
zero,3.553649504853832,-0.9615750069854734
weather,3.824928298577212,-1.0
mother,3.745661468212921,0.9972765557369843
advantag,3.589215131000991,-0.6168712211009464
type,3.5466856884107614,-0.8098471402978569
mostli,3.519305470142484,0.3114011981634015
bear,3.8067624947706533,-0.09312341259360513
presenc,3.611177946450084,0.3114011981634015
id,3.8528111457963,-0.6127472671181509
broken,3.7627413027123917,0.14536550284710592
eu,4.172089910846954,-1.0
agent,3.788920808294163,-0.9595242550653661
occur,3.4992513221375434,-0.2872919511743711
choos,3.5260805638088457,0.6805557311713009
proof,3.6566058935636407,-0.2832315720331232
2012,3.5677243325574692,0.03864956824916499
happi,3.4413945714135683,0.320108549799057
royal,4.311009147438601,-0.9584590553923293
shut,3.589215131000991,-0.6043983839293999
strzok,4.708310944907605,-1.0
2008,3.618607401128605,-0.9584590553923293
speak,3.422829681789269,0.9023205673360282
otherwis,3.4046031747969883,-0.4214306937168898
alleg,3.553649504853832,0.8311896491879975
fusion,4.437962267004185,-1.0
miss,3.815804147687603,-0.27508039784744387
contact,3.574836738073276,-0.9996510053287204
shutdown,4.225364824660505,0.10250929634991968
hour,3.611177946450084,-0.9550962099282666
etc,3.6038032817588173,-0.7940815075314382
fine,3.5329018726595836,-0.009780761669327065
911,4.027433856939474,-0.5916220496648383
propaganda,3.7801179345482074,-1.0
version,3.633633979887958,0.10952214566171747
ident,4.073366155836909,0.5410232250771847
republ,3.8912404662456175,-0.7907926550672524
ten,3.4861018887525996,-0.5829355024940125
comput,3.824928298577212,-0.7874574972531008
date,3.4861018887525996,0.1716206679953225
fraud,3.824928298577212,-0.9995908225305891
mine,4.239139147125334,-1.0
pakistan,4.643911014304522,-0.2586598312106706
isi,4.133917337341924,-0.06677409708035253
2009,3.664381982513549,0.12033472493871344
jeff,3.6801179484453637,-0.7806464575166645
de,3.9943182481549764,0.2956248906609731
rel,3.7288684623302997,-0.7806464575166645
requir,3.553649504853832,0.06438413899052775
feet,3.7123528102995786,-0.9995202639286341
guy,3.754164920812566,0.005001986674666448
matthew,4.159203134570597,0.30012375458481566
2010,3.611177946450084,-0.9488917621101638
southern,3.6412328006465833,0.7525020521863477
ourselv,3.589215131000991,0.30012375458481566
green,3.788920808294163,-0.7771696769288694
sunday,3.618607401128605,0.8903925566084554
hate,3.824928298577212,-0.3904254076986684
stage,3.672219013220829,0.6049096158487672
bloomberg,3.8528111457963,-1.0
pray,4.172089910846954,0.9999928758779157
classifi,4.061683779982553,-0.9475542363774987
brain,4.146480316642629,0.3046645998425659
opinion,3.505891452776821,0.18751356296067478
bush,3.9010830653898116,-0.5651564074430873
myself,3.7713918756884004,0.18751356296067478
consequ,3.5466856884107614,-0.13936534632132824
write,3.618607401128605,-0.7736447941766669
tech,3.824928298577212,-0.9994941380325195
blue,3.962264221864893,-0.7736447941766669
retail,4.097148489554835,-0.9994665897285396
eight,3.505891452776821,0.011085935999636698
muslim,4.296215978260771,0.693918331819505
mention,3.6801179484453637,-0.05356209601750306
usd,4.421183349875076,-0.9994665897285396
larg,3.5820000924868403,-0.7664489541012944
parti,3.664381982513549,0.07465987047117362
troop,3.9414518161189585,-0.9994375416170636
report,3.672219013220829,-0.3768555427913374
prime,3.70419615822583,0.014182932346570531
revenu,4.159203134570597,-0.9433341600440525
fourth,3.9943182481549764,-1.0
wait,3.49265499215099,-0.2337487293784406
bring,3.4351679012333087,0.13917568032649075
moon,4.404681325238688,-0.9433341600440525
alli,3.5677243325574692,0.07816565117173391
exist,3.5820000924868403,0.2598240812335828
environment,3.9110235050950624,-0.9433341600440525
putin,4.1092551749578545,-1.0
2000,3.633633979887958,-0.5514670240788455
yesterday,3.696105499205676,-0.9993746151104111
gp,4.281638460642613,-0.9993746151104111
road,3.688079773943372,-0.04364051868302565
abort,4.545016263168344,0.9999999999877622
africa,3.8718412157953144,0.14307217779785453
mexico,3.8067624947706533,-0.22956587354002833
turkey,3.9210637500802954,0.20409595119310575
strateg,3.7978018613381233,-0.36312196341823066
forget,3.5397700315260954,-0.12074319317246274
doctor,4.097148489554835,0.7775141467253179
track,3.633633979887958,-0.9403394985303165
crypto,4.253105854607043,-0.9993046509841413
moreth,3.37494501051809,-1.0
ecb,4.801185069914048,-1.0
obviou,3.5329018726595836,-0.5374740371035948
star,4.172089910846954,0.3328111989057687
immedi,3.519305470142484,-0.037021226765630244
human,3.8067624947706533,-0.037021226765630244
ensur,3.6260924660151717,-0.037021226765630244
fallen,3.983519007133216,-0.037021226765630244
fire,3.7288684623302997,-0.037021226765630244
healthi,3.7801179345482074,0.2734188086730156
island,4.172089910846954,-0.9992667873511624
d,4.564028242656916,-0.21696687727213826
revolut,3.754164920812566,-0.9992667873511624
fiscal,4.12151023029487,-0.9992667873511624
60,3.664381982513549,0.15910639112505698
peoplesourc,3.386702935511703,-1.0
|,3.9010830653898116,0.9819710418932237
hill,3.9010830653898116,-0.5231786727920733
korea,4.185144926548597,-0.9338834579294066
winter,4.12151023029487,0.04036239622729054
kept,3.5677243325574692,-0.02377347249437156
jim,3.745661468212921,0.4664434642811688
equip,3.881493800393323,-0.9990935713251318
vast,3.5677243325574692,-0.3351803129393043
clean,3.8718412157953144,0.04382025780314458
suggest,3.4992513221375434,-0.02046004675968649
wwwlisahavennewsnetcheck,3.4106418404901553,-1.0
andor,3.8434302139625345,-1.0
shift,3.688079773943372,-0.7274367443417432
couldnt,3.5397700315260954,0.17588868375106848
suprem,3.824928298577212,0.9977780610247156
vice,3.862280913533332,-0.017146171522769982
troubl,3.6566058935636407,-0.19580889794787937
caught,3.5820000924868403,-0.19155464687927903
affair,3.737229715054983,0.306774633796729
creation,3.664381982513549,-0.5036509593240621
fox,3.8067624947706533,-0.49868617247745395
forg,3.4861018887525996,-1.0
plastic,4.472389074754273,-0.998937312247715
present,3.664381982513549,-0.0870168558820511
learn,3.7978018613381233,-0.0870168558820511
curv,4.37247242186907,-1.0
piec,3.5606621563131826,-0.08325569220984508
joint,3.720576540857191,-0.9988794572386401
strength,3.7288684623302997,0.1889920391354296
raw,4.281638460642613,-0.7103554833008398
ii,3.7627413027123917,-0.48865789673846904
figur,3.754164920812566,-0.7103554833008398
pastor,4.37247242186907,1.0
soldier,4.005235387150325,0.12774520018421454
euro,4.356748827489613,-1.0
determin,3.574836738073276,0.1979840117169276
el,4.545016263168344,-0.48359464487770587
secur,3.7123528102995786,-0.9188905684510299
26,3.6566058935636407,-0.1744670329344945
portfolio,4.3260244445585965,-1.0
mike,3.7978018613381233,0.06550832360831182
item,4.005235387150325,-0.705948565181848
commerci,3.648889805897778,-0.705948565181848
theyv,3.688079773943372,0.20255904934727242
spoke,3.611177946450084,0.9887941559221753
declar,3.618607401128605,-0.1658829656052455
vitamin,5.294325345278499,-1.0
suddenli,3.70419615822583,-0.4733705610185259
corpor,3.9728351448249035,-0.9986148007578187
dow,4.526359005563801,-0.9986148007578187
barack,3.7123528102995786,-0.9146608457130347
ancient,3.983519007133216,0.2780419487311774
measur,3.6801179484453637,0.07699249871397607
bigger,3.611177946450084,-0.46301732109531035
c,4.225364824660505,-0.6877640688288007
cell,4.311009147438601,0.6282653530476086
financ,3.8528111457963,-0.9102208698790539
2011,3.696105499205676,0.013017198285760978
judgment,4.146480316642629,0.21660906819985049
french,4.159203134570597,-0.15727368613306714
experienc,3.7288684623302997,0.28310290385688
adult,3.983519007133216,0.5848068937189297
februari,3.754164920812566,0.41585552840990947
remov,3.7713918756884004,0.3532294359189807
permiss,3.70419615822583,-0.6830771154770872
hot,3.8912404662456175,-0.6830771154770872
kim,4.253105854607043,-0.15295997881015844
plu,3.6566058935636407,-1.0
obvious,3.6038032817588173,0.42144865400886644
wide,3.633633979887958,-0.27752996751872094
ballist,4.3412686422017135,-0.9982876896756062
flynn,5.14645501723879,-1.0
eastern,3.881493800393323,-0.05308986410391758
suffer,3.7801179345482074,0.7614693925891658
dna,4.686380241413635,-0.27262725153414535
uniqu,3.6260924660151717,0.16240166036202286
suppli,4.073366155836909,-1.0
unlik,3.7123528102995786,-0.44724805386408006
super,4.097148489554835,0.16240166036202286
tie,3.8718412157953144,-0.4419284815008593
cnn,3.9943182481549764,0.09715971553030056
prayer,4.296215978260771,0.9985941943166752
surfac,4.005235387150325,-1.0
monthli,4.005235387150325,-0.4419284815008593
wake,3.754164920812566,-0.4419284815008593
count,4.0162730268019455,-0.26277943738939924
arrest,3.862280913533332,0.37523727398317264
capac,3.962264221864893,-0.04174965786511442
tabl,3.7713918756884004,-0.43657764497416496
posit,3.8067624947706533,-0.13564835797189523
sale,3.9010830653898116,-0.6637569993277084
chapter,4.356748827489613,-0.43657764497416496
intend,3.720576540857191,-0.26277943738939924
resist,3.788920808294163,-0.65878253359347
box,3.9943182481549764,-0.0379670524092961
straight,3.7123528102995786,-0.13130704753478284
stuff,3.7978018613381233,-0.4311957424126518
chao,3.8912404662456175,-0.65878253359347
arpaio,3.5677243325574692,-1.0
context,3.788920808294163,-0.12696069493283257
eye,3.7288684623302997,-0.034183358598939395
j,3.8718412157953144,-0.42033957072925054
oct,3.8341364667710747,-0.8901668914022991
confid,3.9110235050950624,-0.030398684628627715
survey,4.05013630755778,0.8207463594679687
doj,4.061683779982553,-0.6486585392445334
taught,3.93120582484492,0.18589381868849775
ocean,4.225364824660505,-0.8901668914022991
relat,3.6260924660151717,-0.42033957072925054
softwar,4.12151023029487,-1.0
sin,4.159203134570597,0.8715177155841436
propheci,4.12151023029487,-0.8901668914022991
forth,3.788920808294163,0.04644219161447238
movi,4.239139147125334,0.9910054934633459
australia,3.9518038754399907,-0.2429204280659637
fresh,4.038720658474103,-0.8873813180119403
hospit,4.085186624437335,0.9742375232494926
founder,3.672219013220829,0.4039728950283836
decid,3.696105499205676,0.5844558093016035
publicli,3.6801179484453637,-0.022826829535848248
resid,4.005235387150325,-0.40936170791318816
earthquak,4.267270397375693,-0.997241499890557
potenti,3.7713918756884004,-0.8816098180527049
al,3.9518038754399907,0.2007226353405862
japanes,4.159203134570597,-1.0
structur,3.8341364667710747,-0.8816098180527049
onto,3.737229715054983,-0.40382772091946795
ban,3.962264221864893,0.9015429238463428
worldwid,3.7978018613381233,-0.2329128445885833
closer,3.7801179345482074,-0.8786211576139334
heavili,3.737229715054983,-0.1051589715788277
listen,3.815804147687603,0.7372438685387055
meanwhil,3.6566058935636407,0.20579346214960315
essenti,3.7123528102995786,-0.9970914555410116
lawmak,3.9110235050950624,-0.9969332622927694
player,3.983519007133216,0.48618010576602755
constitut,3.9210637500802954,0.06270594835555743
protect,3.7801179345482074,0.13702982702905264
user,4.185144926548597,-0.38704850401980917
peak,3.9210637500802954,-1.0
exact,3.815804147687603,-0.38139721646140134
firearm,4.421183349875076,-0.9965906407084281
pentagon,4.146480316642629,-1.0
start,3.8341364667710747,-0.38139721646140134
tend,3.8528111457963,-0.38139721646140134
asid,3.7288684623302997,0.3659627654446693
wage,4.239139147125334,-1.0
trial,4.172089910846954,0.22140316190285936
extra,3.862280913533332,-0.865947804450677
regular,3.7627413027123917,0.3005348184969425
luke,4.404681325238688,-0.08764347831980324
vision,3.93120582484492,0.5651222717591595
owner,3.9210637500802954,-1.0
yuan,4.472389074754273,-0.865947804450677
driven,3.8528111457963,-0.86259264246847
v,4.073366155836909,0.991065439605805
correct,3.8434302139625345,-0.37000896738123845
art,4.061683779982553,-0.6001733731916143
lawyer,4.0162730268019455,0.7230493052487408
crude,4.404681325238688,-0.9962098134620927
detail,3.9110235050950624,-0.9962098134620927
e,4.37247242186907,0.1563832006478374
hotel,4.3412686422017135,0.08440056250765848
charg,3.9110235050950624,0.08440056250765848
lo,4.073366155836909,0.3121865694019037
william,3.7801179345482074,-0.07886467555884535
35,3.815804147687603,-0.5944875078348497
scale,3.7627413027123917,-0.8591598433044952
necessarili,3.7123528102995786,0.9986964919641921
town,3.93120582484492,0.5175285096641669
bought,3.8341364667710747,-0.9960037644072043
giant,3.983519007133216,-0.8591598433044952
window,4.508043475257368,-0.8591598433044952
significantli,3.7801179345482074,-0.35850842345971135
fda,5.112668019661408,-1.0
biblic,4.005235387150325,0.9995144411190828
elsewher,4.172089910846954,-0.9957865373802194
appropri,3.737229715054983,-0.35850842345971135
approv,3.881493800393323,0.16647033045772153
refus,3.8067624947706533,0.5239383636677852
propos,3.8718412157953144,0.24317993358798207
surround,3.720576540857191,-0.07447059655625554
announc,3.9728351448249035,0.24317993358798207
quick,3.737229715054983,-0.8520554145636284
separ,3.737229715054983,0.015521657300815006
strang,3.881493800393323,-0.8520554145636284
templ,4.753670194306535,-0.5829355024940125
70,3.8528111457963,-0.5829355024940125
locat,3.8067624947706533,-0.5829355024940125
expans,3.9414518161189585,-0.9955575286262647
deputi,3.9943182481549764,-1.0
youtubefor,3.611177946450084,-1.0
connect,3.8434302139625345,0.25449952439389856
arab,4.267270397375693,0.09820339505012865
skill,3.9728351448249035,-1.0
suicid,4.421183349875076,0.999983839038622
crucial,3.745661468212921,-0.5711429222719535
electr,4.472389074754273,-0.9950615876417404
reduc,3.8434302139625345,-0.5711429222719535
televis,4.05013630755778,0.6032939065141145
chicago,4.211777659114197,-0.1770371532189935
worship,4.356748827489613,0.9998178265289643
enter,3.737229715054983,-0.8446225661036992
function,3.881493800393323,-0.06127167429158975
fundament,3.9010830653898116,0.023701367605270196
cross,4.085186624437335,0.7071698829482926
wast,4.097148489554835,-1.0
fit,3.8528111457963,0.10775450898358341
pick,3.8718412157953144,-0.3351803129393043
aircraft,4.37247242186907,-0.9947932794494583
mistak,3.962264221864893,-0.056867036874378885
carri,3.8528111457963,-0.056867036874378885
accept,3.737229715054983,0.027888220255544383
outbreak,4.930900326077402,-0.9947932794494583
brexit,4.508043475257368,-1.0
era,3.8341364667710747,-0.9947932794494583
havent,3.7123528102995786,-0.3351803129393043
chain,4.085186624437335,-0.5651564074430873
guilti,4.005235387150325,-0.052460184649748776
bin,4.225364824660505,-0.9945104339531284
28,3.862280913533332,0.3488331090943906
walk,3.93120582484492,0.55666092061768
inc,4.133917337341924,-1.0
solut,3.9728351448249035,-0.9942122679770659
p,4.825816857103714,-0.9942122679770659
quarter,3.93120582484492,-0.8328309653321502
ignor,3.7978018613381233,-0.3233579879859889
copyright,4.185144926548597,-1.0
kennedi,4.545016263168344,-0.16158140022555956
everybodi,3.9728351448249035,-1.0
gospel,4.472389074754273,0.9999394494367493
admit,3.815804147687603,0.28412170359836386
estim,3.9518038754399907,-0.15641141913547163
fisa,4.526359005563801,-1.0
scheme,3.9728351448249035,-0.8287230125574083
nato,4.583408694206579,-0.3174084652375361
80,3.8434302139625345,-0.15641141913547163
attempt,3.7801179345482074,-0.04364051868302565
versu,4.12151023029487,-0.5468363792096098
favor,3.7801179345482074,0.6293601150024062
nsa,4.508043475257368,-0.15123285277675458
analyst,3.9943182481549764,-0.9935666312528628
instanc,3.8434302139625345,-0.3114338491017722
cdc,4.851070724424917,-0.8245237771595104
navi,4.421183349875076,-0.9935666312528628
shake,5.048337161280267,-0.9935666312528628
afghanistan,4.267270397375693,-0.5406097726651058
encourag,3.696105499205676,0.4423721910866405
innoc,4.0162730268019455,0.4423721910866405
deni,3.8341364667710747,0.4491668962558355
assess,4.404681325238688,-0.14604597183970613
step,3.815804147687603,-0.03481404522404108
argument,3.9414518161189585,-0.14604597183970613
unfortun,3.7978018613381233,0.04984974375223317
employ,4.3412686422017135,-1.0
underli,3.9110235050950624,-0.8202317087956317
older,3.9414518161189585,0.21555132755731488
materi,4.097148489554835,-0.8202317087956317
greg,4.643911014304522,-0.5343233672062185
easier,3.824928298577212,-0.14604597183970613
promis,4.038720658474103,0.6956410824312802
31,3.9010830653898116,0.04984974375223317
holiday,4.225364824660505,-0.8202317087956317
dream,3.962264221864893,0.3813896027731256
sit,3.881493800393323,-0.2994108219877035
graham,4.643911014304522,0.9988395662298835
commun,3.9210637500802954,0.7898818394339169
scenario,4.038720658474103,-0.9928492303099926
rapidli,3.815804147687603,-0.9928492303099926
elect,4.038720658474103,-0.030398684628627937
poverti,4.267270397375693,0.054458099993010434
side,4.038720658474103,0.4560278773663713
turn,3.8434302139625345,-0.8113628603176225
won,3.8528111457963,0.14356233447679645
phone,4.097148489554835,-1.0
unabl,3.8434302139625345,0.309247786757459
exposur,4.296215978260771,-0.5215717051843709
weak,4.1092551749578545,-0.02598213734847543
rep,4.12151023029487,-0.5215717051843709
barrel,4.472389074754273,-1.0
eat,4.198372632646149,0.46994835977583893
effect,3.788920808294163,-0.8067829721956674
appl,4.356748827489613,-0.13043817523590828
plenti,3.881493800393323,0.06390366820225979
varieti,3.815804147687603,-0.5151067750802207
improv,3.9210637500802954,-0.2872919511743711
reflect,3.788920808294163,0.9999193643965614
sprout,6.110248083097949,-1.0
wisdom,4.146480316642629,0.46994835977583893
la,4.211777659114197,-0.5151067750802207
cartel,5.079985372231049,-1.0
flag,4.073366155836909,-0.8067829721956674
27,3.9943182481549764,-0.2872919511743711
200,4.027433856939474,0.15452295817935813
cathol,4.472389074754273,0.9792267260191478
folk,3.9210637500802954,-0.50858269961172
pull,3.9010830653898116,-0.2811975577594438
guidanc,4.472389074754273,0.15452295817935813
principl,3.962264221864893,0.32230899176535144
card,4.253105854607043,0.15452295817935813
platform,3.983519007133216,-0.2811975577594438
offer,3.9518038754399907,0.4088069400703642
convers,4.027433856939474,0.4088069400703642
syrian,4.564028242656916,0.8736688226416158
histor,3.8718412157953144,0.07366571821988299
aliv,3.824928298577212,0.7723912396310422
assault,3.9943182481549764,-0.27508039784744376
homeland,4.097148489554835,-0.5019996970506273
fellow,3.9110235050950624,0.6181343963711561
technic,4.0162730268019455,-1.0
identifi,3.8718412157953144,0.8168860165339389
shelter,4.930900326077402,-0.2689408844106218
round,4.061683779982553,-0.49535800821407605
fix,4.296215978260771,-0.7924428411122655
bridg,4.623334156615763,-0.49535800821407605
advanc,3.93120582484492,-0.7924428411122655
fiat,4.388447202476804,-1.0
amaz,3.8912404662456175,0.8779320166000235
direct,4.027433856939474,-0.008307526747332261
1000,3.9518038754399907,-0.008307526747332261
smaller,3.9110235050950624,-0.9906876750869903
voter,4.146480316642629,0.07866983459071486
magazin,4.073366155836909,-0.26277943738939924
ran,3.962264221864893,-0.7874574972531008
percentag,4.05013630755778,0.08375845072906474
w,4.005235387150325,0.08375845072906474
northern,3.9943182481549764,0.8547004373714961
hollywood,4.356748827489613,0.8821416176859536
hasnt,3.824928298577212,-0.10952810051272943
emp,5.217659463530582,-0.9901828978101767
aid,4.005235387150325,0.43018796951959337
preciou,4.12151023029487,0.17750189501342284
virtual,3.9110235050950624,-0.48189964933979335
manner,3.8528111457963,-0.48189964933979335
respond,3.9728351448249035,0.7462075740378824
manufactur,4.172089910846954,-0.9896509011807205
b,4.1092551749578545,-0.25659648360009657
biolog,4.508043475257368,-0.9896509011807205
smith,4.296215978260771,0.5058973722653297
alex,4.159203134570597,-0.25659648360009657
sought,3.9943182481549764,0.000532983842136181
florida,4.005235387150325,-0.10428465288809008
pattern,3.9728351448249035,0.000532983842136181
fruit,4.643911014304522,0.000532983842136181
fema,4.777145450727902,-1.0
stupid,4.3412686422017135,-0.9896509011807205
transit,4.159203134570597,-0.10428465288809008
client,4.12151023029487,-0.25659648360009657
brother,4.133917337341924,0.5757656499242332
deepli,3.8528111457963,0.0889334512282891
marriag,4.296215978260771,0.9934482001841509
empir,4.3412686422017135,-0.7771696769288694
amid,4.085186624437335,-0.47508357605969886
expos,3.881493800393323,-0.47508357605969886
tool,4.038720658474103,-0.9890902332642034
st,4.05013630755778,0.5830794585248629
90,3.983519007133216,-0.09903540144720091
doubl,3.9010830653898116,0.2713789026312998
method,4.05013630755778,-0.47508357605969886
lewrockwellsourc,3.737229715054983,-1.0
assang,5.42161558289253,-1.0
widespread,3.862280913533332,-0.9890902332642034
broke,3.8434302139625345,-0.7718641759974536
steve,4.1092551749578545,-0.7718641759974536
girl,4.404681325238688,0.9332531691427242
familiar,3.862280913533332,-0.9884993664373893
map,4.239139147125334,-1.0
trader,4.253105854607043,-1.0
approxim,4.027433856939474,-0.09378063238279355
recoveri,4.356748827489613,-0.46821001049670075
phase,4.12151023029487,-1.0
advic,3.962264221864893,-0.09378063238279355
minimum,4.12151023029487,-0.7718641759974536
rock,4.253105854607043,0.5904379021301549
factor,3.9010830653898116,-0.7718641759974536
deliv,3.8718412157953144,0.3635759631043074
link,3.788920808294163,-0.4612793100218615
element,3.9110235050950624,-0.23792295086555115
daca,5.01765990903322,0.7163006082528485
intervent,4.038720658474103,-0.7664489541012944
vessel,4.6649201903938655,-0.7664489541012944
governor,4.211777659114197,0.19571639033976185
pebbl,6.425329129737844,-1.0
result,3.8528111457963,-0.08852063311108727
recal,4.267270397375693,-0.7664489541012944
